,L2/3 IT,L4,L5 IT,L5 PT,L6b,L6 CT,L6 IT
spot_0,0.05860596257940635,0.5543373413456654,0.35728194680771747,0.0037065358282654197,0.0058965043750364285,0.007036301542399145,0.013135407521510024
spot_1,0.0806964548721649,0.2704473807210308,0.5117558293346002,0.02555733184785089,0.01360604383665628,0.01769302966956188,0.0802439297181351
spot_2,0.13569363101018503,0.34041462661284494,0.4399973976386804,0.03416043142691453,0.013708594375295813,0.01794825832430106,0.018077060611778367
spot_3,0.10194002282403383,0.3618717067338836,0.45344163809547966,0.024395762536556925,0.014978947222056367,0.02156303873805205,0.02180888384993746
spot_4,0.1751922298284015,0.5652162530751622,0.20159410030740005,0.011073300029313565,0.010678891569991562,0.012353058457916401,0.023892166731814695
spot_5,0.04893241730786128,0.7260400768285649,0.11829039574498464,0.01849516806034436,0.018006650218729815,0.033232231125523405,0.037003060713991696
spot_6,0.14241310202644497,0.4925526202063391,0.2640174683730398,0.020217826286644223,0.01826673366601106,0.025303599743271624,0.03722864969824916
spot_7,0.0667686216745282,0.6015516945228966,0.2953785537519244,0.004696834440574777,0.006571629542050332,0.006205044508318329,0.018827621559707245
spot_8,0.15217257098192125,0.4584165612732771,0.3159313969814108,0.03779367442711726,0.009105150698386388,0.011183602354886087,0.015397043283001068
spot_9,0.14674957762745558,0.2014836386345323,0.5661661159454523,0.015328734024108824,0.012907832326195823,0.023717806532453388,0.03364629490980189
spot_10,0.07101959885188447,0.19065863006565092,0.7169230298068657,0.008076321132983249,0.003226721561609935,0.005040223877826503,0.005055474703179071
spot_11,0.058752900204033995,0.39143431903538356,0.49350627419683435,0.009846882985529977,0.013154867538757877,0.01603473434114222,0.0172700216983182
spot_12,0.23489224414562054,0.19478838033333598,0.5093059236942388,0.016329956829693414,0.008588891154723971,0.017941273374962957,0.018153330467424435
spot_13,0.030228730040367843,0.06778971041141069,0.8809803966625517,0.004316873966355941,0.003012270060173617,0.005128886655726402,0.008543132203413874
spot_14,0.15486135690349312,0.5825666211049635,0.220398129781346,0.006076381321569636,0.005924412854438203,0.008625458784631683,0.02154763924955778
spot_15,0.11549805405665076,0.35325001235512193,0.42190686396694493,0.017729964149557718,0.015498059967069613,0.025455569001742277,0.05066147650291254
spot_16,0.06876508964558686,0.15990678048128953,0.6000027579746459,0.06257686153035383,0.0269654252220817,0.04333832318598996,0.03844476196005231
spot_17,0.09279530213084436,0.564949848325793,0.28989637821710273,0.023114566783888853,0.008042725381604346,0.009687497714912693,0.011513681445854006
spot_18,0.10314003537109379,0.36329636926349435,0.3686047207587258,0.01909245430916057,0.02319750463514126,0.03396787438896229,0.08870104127342202
spot_19,0.13900075942776086,0.6210030656499681,0.20449397200433866,0.007256708379706604,0.007282429461601368,0.008808374661628373,0.012154690414996151
spot_20,0.028896000431737016,0.645434626533845,0.22938005479423632,0.019003518862204954,0.013890291404622942,0.005135684592789619,0.058259823380564194
spot_21,0.031144865626712898,0.4828006538668457,0.4373333590543012,0.012165293892860854,0.009410162909960416,0.0112479625875358,0.015897702061783127
spot_22,0.09321210141366688,0.22177727659028734,0.5614536525545635,0.020803045995876467,0.016970007434129304,0.021479974751810516,0.06430394125966603
spot_23,0.13409095024115686,0.6940097679747819,0.14950222070450575,0.0031905898651523458,0.004619100348643611,0.0070264206441959225,0.0075609502215636054
spot_24,0.2790414676940903,0.13869206134473525,0.49983645823116474,0.01333062441399205,0.01072598917274552,0.0230746998953173,0.035298699247955034
spot_25,0.09969205278227565,0.13371984013192395,0.5734009464335976,0.08009076764163535,0.018322642377785033,0.05092951557754091,0.043844235055241536
spot_26,0.03414355725887854,0.2654799565944404,0.6481083328319059,0.007737130320285166,0.007922122088054923,0.022310222850085954,0.014298678056349254
spot_27,0.15834760253398836,0.23382273239034126,0.4370715283695469,0.031130871879649465,0.02408789083034207,0.03908032443075164,0.07645904956538047
spot_28,0.052074595216673084,0.3296026952829189,0.5808711278075135,0.007083702401327756,0.00683908680705447,0.010583868489201202,0.012944923995311136
spot_29,0.11495235905843346,0.36205585629652504,0.40488346890839516,0.01542029208635924,0.019104144629946133,0.026910042921190223,0.05667383609915072
spot_30,0.04326493900009753,0.6805337150986183,0.23750815787342178,0.007555743050242375,0.012013925384920729,0.00907293409972513,0.010050585492974284
spot_31,0.0393292287038096,0.427869526944441,0.4472132401907894,0.04323120359354991,0.009489256017114823,0.017454301070908573,0.015413243479386612
spot_32,0.11634178430965612,0.6497713070886858,0.20377677361370364,0.005207125887704123,0.006336016558527644,0.010229558591287217,0.008337433950435404
spot_33,0.08931820101601806,0.7224183245384699,0.14901828092956743,0.006455495347229594,0.008608595342807022,0.009922583921458422,0.01425851890444968
spot_34,0.1015942778018493,0.23461338881049962,0.6413629217982585,0.004726139781544536,0.0037814093749833325,0.006298749676129098,0.007623112756735668
spot_35,0.09910446175987325,0.44919870893607117,0.3753093430755027,0.012455249880023764,0.020526545341323938,0.018518360690384737,0.02488733031682046
spot_36,0.12180132601030522,0.15839584092213227,0.6004352873255654,0.018604057225904615,0.010697357775864183,0.025683448313142784,0.06438268242708556
spot_37,0.08472287663840224,0.4228573925585768,0.4623228237401876,0.002934265921401657,0.0050435278780117205,0.010065942486707275,0.012053170776712686
spot_38,0.04891911979475826,0.6107227044029452,0.2932088464143206,0.016055409879837473,0.007199070958002246,0.011661487648318378,0.012233360901817798
spot_39,0.06928664961254706,0.3609628362624624,0.46815503285048615,0.016343967890545187,0.026064005879943803,0.03337776456102706,0.025809742942988285
spot_40,0.13029877209403656,0.4301901206304734,0.4039534048722965,0.007444903014661315,0.007661012515804336,0.011756350603692354,0.008695436269035628
spot_41,0.14399266571846914,0.08048877219743343,0.7458302387946776,0.007386454004110394,0.005031407174634424,0.009316013089296245,0.007954449021378802
spot_42,0.14426182642586421,0.053648082565395085,0.770952494131919,0.015032735461337541,0.010577390508671609,0.0022951630363263866,0.0032323078704861834
spot_43,0.1152301695414893,0.6417893403962291,0.2161409655182762,0.004026421260445479,0.00556564124366436,0.007903867694182398,0.009343594345713144
spot_44,0.14428362651485604,0.4951310636996108,0.3144963526718482,0.005642674348339878,0.005031644794574151,0.009901104782631568,0.02551353318813928
spot_45,0.11129977228120856,0.2659438392128295,0.5304680078328595,0.03085172581765152,0.009818514796791715,0.030994868069921244,0.020623271988738055
spot_46,0.11182827635773937,0.11101443304928456,0.7113292214187955,0.02607828065343604,0.0036586147397906946,0.024788913278142883,0.011302260502811074
spot_47,0.10230424415574108,0.5561107930029325,0.26534609270028103,0.005928130809799117,0.011785202228824825,0.04398616014657091,0.014539376955850333
spot_48,0.09608854107797725,0.3386305155436491,0.4693518571093688,0.016611024862363565,0.017723133337153,0.0197519159726513,0.04184301209683698
spot_49,0.08899069684782135,0.16933024584056064,0.6986240734915167,0.013076182663583841,0.005038994627607657,0.008934017168027475,0.01600578936088246
spot_50,0.1318071477000474,0.6506410340880903,0.17890448852470853,0.005728399280596863,0.009178895380463138,0.014281765304850442,0.009458269721243303
spot_51,0.09916073750527733,0.1605418365490198,0.6277784157621515,0.02600971834490701,0.011250795194968327,0.03932761313379019,0.03593088350988593
spot_52,0.1300147640004748,0.17476574590522814,0.6820875485234049,0.001928142227921097,0.0020166253518326483,0.00467636609432218,0.004510807896816193
spot_53,0.16084577557733543,0.4999757214736834,0.30917354330232255,0.0066230492351860674,0.006888842646859983,0.008128087763936146,0.008364980000676403
spot_54,0.04451743563043503,0.13957937813896532,0.7833906816676663,0.004764293218423851,0.004298857973074789,0.01119025139382502,0.012259101977609708
spot_55,0.19195364967171646,0.3337206890350931,0.3332580634359631,0.0379538621672642,0.026374966510962567,0.02957996787142266,0.047158801307577956
spot_56,0.11407674577354975,0.15158767793507988,0.6534420105073291,0.026728482263190786,0.012045013146278564,0.03138670598740312,0.010733364387168761
spot_57,0.022496046480056507,0.3747204828046221,0.547329960928677,0.02029951827284017,0.007241449857703978,0.014133438824110108,0.013779102831990082
spot_58,0.11250617186843438,0.24934156923145562,0.6139399480300248,0.003733239529030662,0.003973599690144872,0.009718715228008334,0.006786756422901137
spot_59,0.12804844614620522,0.2173764123125319,0.5619785963877153,0.019701135616105994,0.018189839782402493,0.01828883211661864,0.036416737638420245
spot_60,0.11733328344302857,0.46432900990867615,0.37574417757978545,0.009974935724677706,0.00836671947899102,0.011975105419105805,0.012276768445735347
spot_61,0.11936351735070347,0.45964387698708453,0.34571179492715876,0.01959273626378965,0.015316099626688002,0.01920220664285998,0.021169768201715705
spot_62,0.03859439524299506,0.511037917084182,0.4267935085743269,0.0040653430504860606,0.0038103816991388977,0.007478074433594756,0.0082203799152763
spot_63,0.07859229305141428,0.47069581027104757,0.3916895756279194,0.009125899717543373,0.015109434987140695,0.010461828001124425,0.024325158343810285
spot_64,0.1572863698966372,0.30466943124386725,0.22704028970436801,0.05270658551245747,0.060452896065325334,0.06964796266662993,0.1281964649107149
spot_65,0.14144062367131324,0.16602844112716722,0.6629016761572104,0.004218671790368791,0.00371882365997497,0.008098269804076625,0.013593493789888762
spot_66,0.10118365948763684,0.13552211494711525,0.7040577665790454,0.03934428268108006,0.0035025746486615885,0.007846499581368007,0.008543102075093062
spot_67,0.10582012637409684,0.3189271247621867,0.47938173496021125,0.03234826103208458,0.013026980990795241,0.020696512616207013,0.029799259264418423
spot_68,0.08390504092935297,0.7301785529912685,0.16169764771566578,0.003919079733775313,0.005123860050184593,0.0066569612616261,0.008518857318126717
spot_69,0.08263168779479269,0.16857503225080453,0.6907175220792382,0.031413184200934266,0.0036876209993343357,0.011096495527982907,0.011878457146913322
spot_70,0.16302481228457422,0.09714090024583541,0.7131908069419418,0.011283688829788417,0.0021698861322275755,0.006005473976939526,0.007184431588693249
spot_71,0.08751496917048676,0.3764558365740155,0.4387516929833864,0.023214254149701484,0.00989664247220994,0.009922239035078285,0.05424436561512173
spot_72,0.11731230833125293,0.15667656178555775,0.6639736336730131,0.006285666142067316,0.006180317044304253,0.0217566170385196,0.027814895985285207
spot_73,0.07901501032011696,0.5844770931712694,0.2667432674916343,0.02087542217212634,0.0060409951767206715,0.01072305956080355,0.03212515210732881
spot_74,0.12789918775423512,0.262189450275416,0.5611450090104655,0.009270617185813285,0.007316857133428966,0.018288434091254566,0.0138904445493867
spot_75,0.09414637089315228,0.07062314504897411,0.8198908044294392,0.0017130118766301302,0.0010566672956384966,0.0028077522925339608,0.009762248163632041
spot_76,0.28993276446103555,0.17331489703731418,0.49182827533633183,0.011941766980764306,0.007584420720042759,0.010783473452476195,0.014614402012035264
spot_77,0.12604599135282368,0.1660058526079502,0.666638645266555,0.009050409403113179,0.0068358011774776375,0.01222450180494271,0.013198798387137443
spot_78,0.1787825556387478,0.33772399950132415,0.33725074319669945,0.018787086608187537,0.03127145289004676,0.036630826035521355,0.05955333612947302
spot_79,0.12510804506131926,0.3614084382190341,0.44168748693746507,0.016334861755892334,0.014214375433506182,0.026634137458736426,0.014612655134046582
spot_80,0.07824298256786186,0.22398080785276425,0.64788475957432,0.007312684599142585,0.011596881002517417,0.016721606706814725,0.014260277696579123
spot_81,0.10596298412960464,0.6380376636192931,0.19992699924852772,0.007286101434115886,0.013553095739388767,0.015669146267711067,0.019564009561358685
spot_82,0.12364417482762771,0.5726521996345262,0.18792800027982617,0.016535121041475736,0.02594181446817794,0.03420959213063729,0.03908909761772905
spot_83,0.11463171716485213,0.05844800985920433,0.8122387941581135,0.002406918304400083,0.001878901120977537,0.005680357128296913,0.004715302264155475
spot_84,0.10135075338974069,0.6699850053232028,0.20703470761676884,0.0032407799830534677,0.005529117200514289,0.005708322482260843,0.007151314004459118
spot_85,0.11591522442108862,0.08758926384462733,0.7694068600191768,0.004062535753765911,0.0029258711340438876,0.009949772775305057,0.010150472051992517
spot_86,0.1543464836050048,0.31902107747049424,0.42664894724946517,0.023089097067713737,0.018452848185779056,0.04117603604872536,0.017265510372817514
spot_87,0.045135646550759564,0.5963746066955299,0.31520830096528024,0.017911431971832793,0.0037668835803966053,0.013186483160436928,0.008416647075764132
spot_88,0.1701506925302936,0.17739855440893904,0.5978050210480118,0.003018304081504964,0.008494876406786771,0.028515852642343884,0.014616698882119883
spot_89,0.16632320945695572,0.35972988506942294,0.45262910475423745,0.0040004323199538325,0.0037817310896079846,0.005883676199944858,0.007651961109877172
spot_90,0.1061235466576865,0.34829650190958605,0.36788983125475305,0.03741360162765617,0.032027497761410846,0.052112848180494976,0.05613617260841238
spot_91,0.13839777334238948,0.40044014242527676,0.2726609909120404,0.049073412440215035,0.031552982288690495,0.048533412902465475,0.059341285688922336
spot_92,0.09804413925780463,0.2952128588623129,0.52435661238556,0.0174023308585678,0.012525236256646843,0.024620530066438114,0.027838292312669783
spot_93,0.19383444219720025,0.2470412868940673,0.5255418132324442,0.007620500966695232,0.005110073966596127,0.010287916278950055,0.010563966464046804
spot_94,0.05768782803953231,0.21449807836233384,0.32738970377264703,0.21553430535039556,0.06285806849603713,0.06435083784502645,0.057681178134027754
spot_95,0.07856171758770263,0.32513693315045594,0.44041911661466027,0.03440446831244339,0.02792505399090667,0.04951748908334514,0.044035221260486056
spot_96,0.19425412646739132,0.3995231216299083,0.21063611429724866,0.029689498373906952,0.04104142774385363,0.042656999706573766,0.08219871178111737
spot_97,0.05211383616848394,0.7555128272930665,0.10322446229601095,0.046325693085462666,0.015598116917852985,0.010366924082720715,0.01685814015640241
spot_98,0.021055724530390205,0.3519968593855328,0.5864859751297837,0.005001684219912673,0.006391653486237477,0.006963097700424901,0.022105005547718184
spot_99,0.18529705090745582,0.49696953974972724,0.17953225276841503,0.04374291673825014,0.025096400362585484,0.03632245588662984,0.033039383586936255
spot_100,0.1024889606528138,0.2190394520394973,0.5770093766987627,0.02356018541975289,0.009194735376571065,0.013396664079623134,0.05531062573297913
spot_101,0.12820089005769403,0.3268944781355766,0.47406710251361656,0.01609961830203009,0.010490012911305888,0.01415826291907242,0.030089635160704342
spot_102,0.2691936313465589,0.29475666743534645,0.31370141094407156,0.018672487112664927,0.016127804143955763,0.03609597298967707,0.05145202602772541
spot_103,0.07118915119466905,0.6027123787067434,0.2661359422661699,0.005329718601628282,0.006665164142246471,0.019887946729539877,0.02807969835900305
spot_104,0.1332819338238767,0.20865054213943485,0.5424840536979154,0.034216903207892474,0.011804611215132807,0.024907394495826796,0.04465456141992096
spot_105,0.1282386670704315,0.49712035299322344,0.32273738815951836,0.015457580113433752,0.011861469842719201,0.011164228641611342,0.013420313179062247
spot_106,0.16627912205546522,0.14693521451818164,0.6531828657104585,0.010473488392960712,0.0062548338257230746,0.009206258166470166,0.007668217330740728
spot_107,0.1731896318895772,0.4719821281215897,0.24529307121115712,0.022266461743900415,0.020426317624630208,0.03559759722555578,0.031244792183589522
spot_108,0.1472465845335596,0.42392683829764405,0.3789955452832919,0.014339154699952955,0.007997808195813881,0.012995129400992782,0.01449893958874497
spot_109,0.12419464452225569,0.6161225541197771,0.19826163109888476,0.00699717637921783,0.011201720614577478,0.030307016682960538,0.0129152565823266
spot_110,0.10005418961780412,0.41854423183690304,0.44405005538738423,0.0075813296785554405,0.00823165889511529,0.01056643981661082,0.010972094767627278
spot_111,0.019731024487335963,0.19803022698193895,0.7304285776029804,0.012790612024147522,0.010516464715219864,0.01710811708683795,0.011394977101539455
spot_112,0.1533554939703821,0.28349196680603755,0.5359251638719682,0.006009176926678812,0.005362608651292874,0.008772232095923059,0.00708335767771736
spot_113,0.08286887074111282,0.1929668819768467,0.6799711290731709,0.0102570742280689,0.0032542986883415245,0.007234437255642773,0.02344730803681639
spot_114,0.20618405034153092,0.1924245786356089,0.525726610741027,0.02321863481111316,0.01984555860446918,0.017481925031102918,0.015118641835148045
spot_115,0.1261177137543901,0.6258144890465662,0.20931880213686502,0.004737054640430993,0.007209185359044487,0.011111211042025136,0.01569154402067823
spot_116,0.09111095887412093,0.5452380425425464,0.34069428132077606,0.003012225931205252,0.0036025571619539,0.004983060969103456,0.011358873200294047
spot_117,0.17015441515206978,0.07617286967475925,0.7383830556739238,0.0024047306872648578,0.001724872911194099,0.0057243274997834034,0.005435728401004906
spot_118,0.08694322638539181,0.11041992569477273,0.7811505161051894,0.004473653743168112,0.0035288845633014605,0.005740300835639694,0.0077434926725367765
spot_119,0.12244749750614803,0.10983421495727658,0.7055729598993727,0.0035432358653657496,0.0037023018596288987,0.047034255063808136,0.007865534848399804
spot_120,0.20383334454431096,0.46516608948672644,0.2676070026394567,0.008882657434249727,0.027640342649735652,0.015108580265556244,0.011761982979964114
spot_121,0.13058321151265026,0.5733088390309465,0.21478715188423056,0.00633613502904144,0.009062519899452112,0.04407171402278937,0.02185042862088988
spot_122,0.17363186729443242,0.10125382267934425,0.47521697884632147,0.06996861863705992,0.036029940994266846,0.08430788913599527,0.05959088241257979
spot_123,0.13539863512575087,0.1338185396863087,0.5547986793628591,0.049420547082601705,0.022391357695605633,0.03723820716639943,0.06693403388047459
spot_124,0.1813307121389543,0.17757254694252836,0.5380847827184337,0.026403729477399714,0.020214852012940987,0.03447896201047801,0.021914414699264865
spot_125,0.09775693163937886,0.225412126986746,0.5285637325890565,0.04484848454594612,0.025984309986233713,0.04108466655015946,0.03634974770247937
spot_126,0.11475972461595876,0.1615372338298504,0.6951700532773786,0.007147839369633612,0.004017924857287648,0.009799439482642348,0.0075677845672485165
spot_127,0.08813708561391621,0.5692594215401579,0.2747372672721813,0.020077061146182674,0.009308199205041731,0.009857451218025486,0.028623514004494664
spot_128,0.07623694403388749,0.3104314157659601,0.51054316454436,0.04348518304856705,0.0034012361613338267,0.01937692102026723,0.03652513542562427
spot_129,0.11775100674723195,0.0770506452886866,0.7847475672458173,0.005790464015446187,0.003052498034732292,0.005914595259532778,0.005693223408552998
spot_130,0.18266518169809073,0.18116191505156642,0.5915346116219456,0.014304344422184005,0.007856866176512167,0.009932310387079476,0.0125447706426217
spot_131,0.20246047733961392,0.5873243525528794,0.12406643918014881,0.028673079418939543,0.013043427143409905,0.020553434860865232,0.023878789504143266
spot_132,0.11686778609844509,0.35627460945661404,0.47978813943078813,0.006474412474486312,0.016259533800964517,0.011461912480924081,0.012873606257777814
spot_133,0.16083534079770842,0.1259045730800857,0.6730322735893524,0.007957449517351568,0.006689460327652476,0.01309848303158736,0.01248241965626217
spot_134,0.03510184737893878,0.8211779116105891,0.10825851663722948,0.007481829766837084,0.007602203313836946,0.01178964243007321,0.008588048862495307
spot_135,0.03363619773012758,0.6685255544234939,0.23096228102859429,0.025552303998142758,0.011083869983942472,0.012353900880341476,0.01788589195535745
spot_136,0.13540312443247685,0.2782482650955955,0.5082909000427823,0.01609905183188289,0.00940340117553983,0.02820126459763594,0.024353992824086818
spot_137,0.1084964894103493,0.2546672720312591,0.5901024205760717,0.00899772641985166,0.009971112961682255,0.014090366281378441,0.013674612319407723
spot_138,0.10603888952749607,0.2001713868217412,0.6256475766858526,0.010574349961020198,0.007493712118196965,0.019151458974144307,0.03092262591154874
spot_139,0.11704488055802419,0.15397973925945793,0.6685198719342808,0.015515735549477815,0.010153652155621706,0.015459499123935558,0.01932662141920218
spot_140,0.04872185249961858,0.09441604510768843,0.7945146415813252,0.032291525963614155,0.003848279539778308,0.00703250745864118,0.019175147849334124
spot_141,0.018155293030554735,0.5660152901020509,0.35611987688419094,0.005836654031571328,0.021002174227340225,0.0102846024158551,0.02258610930843698
spot_142,0.06401259474695908,0.7514814889693441,0.15977732027734456,0.004691048183808334,0.0054225691910615,0.005230999502267254,0.009383979129215151
spot_143,0.11128701491750784,0.210511186181631,0.511805945456159,0.02690066882785422,0.03220653676650693,0.03486702003704496,0.07242162781329609
spot_144,0.20350913486930028,0.18777716037403783,0.5489269021504776,0.014507502967908495,0.009858968882809597,0.01663817249567508,0.018782158259791223
spot_145,0.1062688424673362,0.13549786255698903,0.6085179022241269,0.0267800149528859,0.02123744753547853,0.0442095091697069,0.05748842109347651
spot_146,0.19509478668661745,0.14316367921859083,0.616495771725733,0.012791841877860161,0.00780965531298313,0.012056598641927147,0.012587666536288336
spot_147,0.177352742893447,0.08068168138953552,0.6915626819792531,0.014333370332251794,0.006391318566043672,0.01316871409201011,0.016509490747458767
spot_148,0.17826525909671723,0.41069716434363857,0.3239674718648006,0.022914335673747364,0.013557554014355424,0.020292741308485997,0.03030547369825487
spot_149,0.12216981580996605,0.30258491125685366,0.5013375681195172,0.022294212955975452,0.017729083257189335,0.014155921188553196,0.01972848741194499
spot_150,0.1619500074404224,0.0342074306042398,0.7807638015364569,0.004630632552007967,0.002929914478970386,0.008174125295956874,0.0073440880919457595
spot_151,0.1334820347368629,0.10957496234836031,0.7208206273720996,0.006524173176508526,0.0031520222762087794,0.005992807337699405,0.020453372752260366
spot_152,0.07085184014373405,0.6180605956932177,0.28150520192409784,0.004196611997655649,0.006436054145628982,0.008395297119372046,0.010554398976293814
spot_153,0.03593889808312334,0.32798632043622555,0.5620828983957724,0.008953628586173323,0.010794796392143797,0.018459072111785487,0.03578438599477621
spot_154,0.12188818705476624,0.03814884519823042,0.7959634302790313,0.009596533285942675,0.005202028074047518,0.011271573784037812,0.017929402323944042
spot_155,0.21645477540156513,0.24465566851360138,0.24138306795520284,0.1109395596943108,0.06523618903650322,0.06282541630547184,0.058505323093344844
spot_156,0.14276641087208003,0.34750477270482283,0.4413573911165872,0.010916542786488579,0.02368951598682268,0.022023497446496138,0.011741869086702578
spot_157,0.15565539005541865,0.14221730096259874,0.6484159595413024,0.017503519421194234,0.008243602489574077,0.012010953656553776,0.015953273873358206
spot_158,0.16390556865060854,0.18453569701791117,0.6253360427961729,0.008868625646590075,0.003419307780121954,0.0070820146643965345,0.006852743444198791
spot_159,0.0693196851243632,0.23457190603381375,0.6631016040457152,0.005857672027183115,0.008549856385708892,0.0070006935447506115,0.011598582838465144
spot_160,0.03626249117262949,0.3051275357212544,0.6166211207247421,0.006887916401413572,0.006352672915240315,0.017905597736108236,0.010842665328611889
spot_161,0.11621654472481766,0.33344778416422055,0.4774562297935494,0.014883971154524908,0.011453268874732478,0.02927076172302175,0.017271439565133138
spot_162,0.1820247918381336,0.3194749677026776,0.4398032490672443,0.020516333756579894,0.007786214494409704,0.016326757987997917,0.014067685152957112
spot_163,0.10221386787967524,0.1304446391182072,0.7078549503743469,0.01892302573443462,0.011624678362850426,0.015045310977249713,0.013893527553235948
spot_164,0.13415454688535453,0.048490822594172915,0.7183971743543902,0.05339470499946095,0.006579516955963251,0.018976659632356514,0.02000657457830158
spot_165,0.09903905031373955,0.5685863129181179,0.30694136480254136,0.0032115156219803755,0.0065688272802110325,0.005904566381833854,0.009748362681575784
spot_166,0.10902047918123832,0.6445076812157646,0.19287469372363802,0.007144022413625604,0.010197371573456904,0.021386672996779085,0.014869078895497432
spot_167,0.1827682112845875,0.5730429142138856,0.12141404788963575,0.017792578096493525,0.03400357103747579,0.02700387967221265,0.043974797805709225
spot_168,0.07858530173600886,0.2569118981194102,0.5903796518683553,0.009184925382807553,0.011137439456499126,0.020079156157946972,0.03372162727897199
spot_169,0.20126774150589632,0.04304211367860599,0.7408808935485165,0.003656057661592159,0.001888502773174951,0.004497195164505024,0.004767495667709075
spot_170,0.050999288815227625,0.02998340876842279,0.05085374963096541,0.3847133629936421,0.14469340203272946,0.30077470812689966,0.03798207963211297
spot_171,0.03527334100837864,0.017991970182166656,0.07058967970468356,0.5025349825867655,0.23071695793460215,0.1094271149372257,0.033465953646177916
spot_172,0.013703506914220797,0.010097457136647113,0.021848390977694268,0.12292404189183961,0.6741716469958275,0.09992804667416677,0.057326909409603936
spot_173,0.06568683843214256,0.03734024063919282,0.062225927247286525,0.2978655487777209,0.21398081260970347,0.2628673768478797,0.060033255446074116
spot_174,0.036161734774106245,0.027649093688841563,0.11815444378151127,0.17647865110992972,0.36898733743579676,0.14819854917191652,0.12437019003789802
spot_175,0.029590607713808868,0.0070232881201916075,0.02904260942078481,0.26239131130842824,0.3669281454230889,0.05688444449823764,0.24813959351546003
spot_176,0.022484342858473953,0.022531631454412858,0.029081165702659804,0.32108293584659503,0.1943128324290183,0.38188132746426684,0.028625764244573193
spot_177,0.05149753033691602,0.09007593584127574,0.057211978467065015,0.1371358759792116,0.34778745257577864,0.2508728062608886,0.06541842053886435
spot_178,0.07720514502257604,0.021693197382477103,0.05276143535332497,0.3757256283695365,0.1916120654914547,0.235727902901112,0.045274625479518917
spot_179,0.021130349574199372,0.013910587251747318,0.09030520341507879,0.5428651767595181,0.1703062398483223,0.13375400640014037,0.027728436750993683
spot_180,0.023129211021524505,0.03617564718364826,0.04504913099036916,0.35104556876016685,0.32000139912630576,0.15216119062660352,0.07243785229138205
spot_181,0.026191113572116502,0.021108382228052686,0.039611366606529835,0.4219387076757237,0.34738837177584914,0.10992559955545442,0.03383645858627376
spot_182,0.045589566362215096,0.02666366542388006,0.1289136192526335,0.435175595308145,0.2355523588790112,0.06531168251300805,0.06279351226110721
spot_183,0.030585440898677024,0.01641201418574255,0.08827350572571989,0.17289112385735902,0.5389981924608899,0.0829193196276839,0.0699204032439279
spot_184,0.024544165149023116,0.0423236123961183,0.015960454618910925,0.07040056265488152,0.7056069155913409,0.0858540523052366,0.05531023728448873
spot_185,0.020467666169105756,0.009740381739872806,0.02898892275945159,0.2883102882320724,0.5283515437565925,0.06575983066590818,0.05838136667699683
spot_186,0.010265853577893141,0.008155822809399636,0.022349746891403264,0.23880054648814972,0.6158148397620642,0.06586134847578332,0.03875184199530681
spot_187,0.056599008765175006,0.02121296199881993,0.10091326115445808,0.22623850092982153,0.4174057843233993,0.08328451411989556,0.09434596870843064
spot_188,0.009844952184750573,0.03810819054970577,0.03273111500170689,0.47989754181028665,0.2747964241353378,0.1218978152054099,0.042723961112802404
spot_189,0.03384275425321532,0.032638293070518125,0.038956078098533214,0.25184150024377805,0.4264059429273212,0.15747121252205337,0.058844218884580766
spot_190,0.06807501032389625,0.20123519089960065,0.06858030493704194,0.1983571718710136,0.21219628556284173,0.1787190804931121,0.07283695591249385
spot_191,0.04070925992801093,0.04321561570283905,0.05379550324182195,0.1749040069535848,0.48682509079599606,0.08190090842206034,0.1186496149556869
spot_192,0.057835561081567906,0.047990173281117675,0.1374998438503284,0.36349529282999865,0.24336247804333017,0.07618208666007936,0.07363456425357781
spot_193,0.034825381617763766,0.01234107330516634,0.03333182980626409,0.1705167417955641,0.3242706022663749,0.3711724281885418,0.053541943020325035
spot_194,0.04804496474034714,0.02075989782668669,0.07946701774533482,0.10961414903863864,0.41795821252440113,0.16193825017030983,0.16221750795428172
spot_195,0.04071674536926632,0.006487145267810067,0.05004128068562505,0.6572343647546498,0.16759520394207303,0.05864937659729805,0.01927588338327755
spot_196,0.0490937008436955,0.033618697170676844,0.0539441621713151,0.2613678679306342,0.3298828824318012,0.22233287942262153,0.04975981002925552
spot_197,0.021334149065969914,0.02618158333644175,0.04540064056415429,0.360782831857028,0.2270493681399395,0.25640310865016935,0.06284831838629718
spot_198,0.03630960838675417,0.013469307361056311,0.090171050763054,0.5680375342346173,0.18174358838151297,0.04380891860950336,0.06645999226350198
spot_199,0.008724349339955426,0.00404535307673959,0.02392350440203136,0.33136447293994287,0.24577166558360142,0.3593600108253013,0.02681064383242807
spot_200,0.037288833920988564,0.06661148275992476,0.07833023100469347,0.16843454491548848,0.3122361868533558,0.1363930787217313,0.2007056418238175
spot_201,0.05631449297070503,0.1519103875504263,0.047872272878885264,0.16949438523211194,0.3165510134167741,0.18286684274481563,0.0749906052062817
spot_202,0.016998735406186728,0.029477285088695696,0.03305120878633057,0.3536159009070048,0.43256818448981943,0.07726021588460738,0.05702846943735545
spot_203,0.018178107030765757,0.01854591930809607,0.06429714429169923,0.27993976380173,0.41605535545905037,0.16534800041685255,0.03763570969180613
spot_204,0.053021510146667325,0.018374966966919353,0.04290912555835489,0.29112971561583917,0.41261440028627916,0.08873268282959373,0.09321759859634636
spot_205,0.010125131251987711,0.005657391197444953,0.01894754787024532,0.3534053470232728,0.21451047929078224,0.34105857413759033,0.056295529228676776
spot_206,0.00990111791980609,0.006859990391552908,0.014958309775625789,0.447507845671657,0.10959917663899718,0.38285370452844725,0.028319855073913727
spot_207,0.023093431500595653,0.013736134278329728,0.030325476645035234,0.383067337867596,0.4343262902808345,0.05180798120439018,0.06364334822321871
spot_208,0.024446517158802403,0.01795349365646086,0.08400208390917793,0.32327383228600926,0.2931486366090255,0.1162260880194605,0.14094934836106365
spot_209,0.029523515871120655,0.0224297055299326,0.05096203317110746,0.24754652257852988,0.25360760443670993,0.21026331185162653,0.1856673065609729
spot_210,0.06022253968429381,0.014349778260484326,0.03643747307165289,0.13777112985590564,0.5137195303417189,0.12068774444539214,0.11681180434055233
spot_211,0.044510487743303524,0.03912087753684976,0.04016335167933982,0.11995982918750159,0.42855578170694403,0.2855669756089026,0.042122696537158624
spot_212,0.020686179491683217,0.030624463176290258,0.07971587989779255,0.3794543455761778,0.24865331195328197,0.19772496987153093,0.043140850033243375
spot_213,0.03134129493415887,0.06906232814784033,0.023622610642942476,0.09692813485986977,0.2864012699794543,0.46751750235048933,0.02512685908524487
spot_214,0.10136768041008164,0.020240341195604885,0.3221635112206675,0.2710072443618457,0.1477319858969869,0.03789734040821824,0.09959189650659515
spot_215,0.057865959054263276,0.06460717925695272,0.062218351115956104,0.11128631465654454,0.45020352091519844,0.16120694457207912,0.09261173042900575
spot_216,0.04394362604691138,0.0599295279329836,0.050959864600738994,0.44310504318970373,0.26089254389505423,0.10055079993094851,0.04061859440365956
spot_217,0.020863618833013242,0.011376973380992736,0.019986151494369532,0.21673447322739697,0.546995913601543,0.1169785281889815,0.06706434127370314
spot_218,0.0221390311457811,0.024285982048520068,0.05740002033226302,0.38475433692591937,0.3039255905587845,0.10032306259380433,0.10717197639492772
spot_219,0.013059189575112137,0.03761228459872587,0.029589179876728877,0.21868075223304434,0.539416342751418,0.08291141085950526,0.07873084010546547
spot_220,0.03229866301977134,0.010091921080464299,0.03744061603896657,0.41758885463574286,0.3579369807871973,0.09272325011186022,0.05191971432599744
spot_221,0.0408544031366761,0.022702403620284837,0.04137477920995778,0.27813378689115126,0.26282799130944184,0.2797661276135533,0.07434050821893484
spot_222,0.06327674322208403,0.07998603946240579,0.03595465077611858,0.19358272118317837,0.34984690132551305,0.2358751128506809,0.04147783118001938
spot_223,0.011891309886229679,0.015046292264065633,0.04905553680293459,0.48594577130654654,0.289862895633355,0.06276578083015928,0.08543241327670921
spot_224,0.02879359093619352,0.013054597545706814,0.01931270383688825,0.14715314031773702,0.41717463231653307,0.3432991280182078,0.031212207028733514
spot_225,0.07408340671899259,0.028022975951518772,0.024785486328547768,0.32252755487984097,0.18110747801638047,0.15178484973231274,0.2176882483724067
spot_226,0.035763954985631306,0.02247762043852011,0.05946569656228294,0.23045124278819495,0.4525356685191916,0.08731285458455648,0.11199296212162267
spot_227,0.035288004598811464,0.025807252904156495,0.037385805435243114,0.23998958573185575,0.46056446273080487,0.1313669767630109,0.06959791183611745
spot_228,0.04793543825952794,0.038872489844993446,0.03163595717331671,0.1678080598404684,0.3038993419081668,0.16860042014331053,0.24124829283021612
spot_229,0.015651409945083447,0.022533771284030373,0.03667332469177739,0.4097722311136019,0.2456166139035918,0.2067909169762634,0.06296173208565164
spot_230,0.02991417033676804,0.03220838720580304,0.052375047255532395,0.11342928453907669,0.6099180977048501,0.10910625413647478,0.053048758821495054
spot_231,0.014287569879486834,0.007450373920718402,0.030092817864871658,0.44405612592093935,0.2622398719513088,0.2029269647889069,0.038946275673767995
spot_232,0.031472016227226764,0.02176305672600394,0.07426636665092427,0.4540444547566386,0.20955169105027832,0.15553074441974965,0.05337167016917852
spot_233,0.029529211634356,0.009312244855338823,0.016507017802290223,0.1933208145073166,0.48438433551992416,0.17467212435590942,0.09227425132486479
spot_234,0.03689769586345293,0.02937185985995592,0.07035166960790729,0.23007394791837793,0.3553127701864345,0.21624998603016263,0.061742070533708907
spot_235,0.012020881495436364,0.01212962532209045,0.05301071838986643,0.47890163709387024,0.2777015139736816,0.1074935021360052,0.05874212158904982
spot_236,0.02402916914261959,0.00826515842712489,0.029135959193032347,0.6057240409548258,0.2585384052467264,0.05446779668199529,0.019839470353675708
spot_237,0.02466106165279756,0.016764857080926825,0.04726770067306164,0.13884705278199208,0.46124944095107273,0.0964496972921062,0.21476018956804305
spot_238,0.012433186955226192,0.006807224548040412,0.026980227620874903,0.23706129609578686,0.3604739571711122,0.32399184424824684,0.032252263360712574
spot_239,0.02724601887367022,0.0027693587375268273,0.03353593144429301,0.6567145230601545,0.19826592400176035,0.05706811140387282,0.0244001324787223
spot_240,0.026433271753971165,0.037309498228283035,0.027384087330420238,0.311488932072628,0.35686925644115497,0.09261164020073448,0.14790331397280826
spot_241,0.01739736930684336,0.011905122464087965,0.04696069421803918,0.1862001364651765,0.48273387587639616,0.21388768177580064,0.040915119893656225
spot_242,0.020886186362963514,0.01681743267330794,0.02941387785489462,0.2517808500820532,0.5419988831246133,0.09253465103457616,0.04656811886759124
spot_243,0.032728692308455966,0.012543206289410592,0.05001532509922982,0.6564230317596261,0.11623690302560168,0.06799809106241678,0.0640547504552592
spot_244,0.028547580221136133,0.045427122972975194,0.028901938205453833,0.12231406523618868,0.45460793334160465,0.07876678542680905,0.2414345745958324
spot_245,0.01928080463982894,0.01678812078375677,0.07589790054811753,0.3866413167077111,0.2797389053582329,0.1553487132619637,0.0663042387003892
spot_246,0.012455525421919017,0.01991259293207477,0.059320746967114146,0.2925801356679732,0.23284953197082242,0.3501680348607689,0.03271343217932741
spot_247,0.07094786306587167,0.06911230603354485,0.2022813575149839,0.2079207148947662,0.24803475728374313,0.1022023535772632,0.09950064762982698
spot_248,0.014518181823464954,0.010103376732816945,0.09082932912385172,0.36819518813615015,0.4148842427498346,0.07141359629353279,0.030056085140348743
spot_249,0.0644616559561279,0.019803245448554597,0.05672896931922754,0.2931876711957632,0.2490328187161843,0.24086105983740766,0.07592457952673486
spot_250,0.06785032302410952,0.02718423644534612,0.22416001226986254,0.15167414364403417,0.19555736851161562,0.2457964491259454,0.0877774669790865
spot_251,0.03641100904469317,0.04005034843113537,0.03535455978587388,0.5280228843262467,0.21311199923665453,0.10145693656821775,0.04559226260717876
spot_252,0.05336822892923193,0.05883412493794245,0.061928760010739256,0.2994954819914001,0.2217922601616841,0.234456941679342,0.07012420228966015
spot_253,0.0053126273916188575,0.0024021734524133655,0.03807028613673948,0.7012410434844967,0.20852409237437763,0.030650349209775416,0.013799427950578622
spot_254,0.02019763652751757,0.029125451971246157,0.03434175823739637,0.5836507314404077,0.2544359344089232,0.04674094547352601,0.031507541940983014
spot_255,0.01912702966806654,0.028893192941010892,0.10550432309673441,0.5561576154493583,0.18124669965946028,0.06733592646345264,0.041735212721916985
spot_256,0.02133928497076963,0.011580013166169342,0.01899375690135652,0.1882538416182714,0.5664428637097607,0.12755677417382244,0.06583346545984999
spot_257,0.012563173028267382,0.012139031420198088,0.029243951000952964,0.4368368107753991,0.4126754547713455,0.05989172768230955,0.036649851321527406
spot_258,0.03968276186841656,0.03336281847161707,0.043841579678551686,0.2895459177432743,0.24933914141928568,0.30092749509860683,0.04330028572024777
spot_259,0.03086701646274768,0.015395875160972128,0.049174772342886613,0.13071872171267493,0.3585173036022751,0.10295780126950076,0.31236850944894273
spot_260,0.017970859907774677,0.0064702876794036,0.040895018442157774,0.2786688219258222,0.2491411301863296,0.33368568527961784,0.07316819657889426
spot_261,0.034017020119268944,0.018494532910638514,0.037726938976792974,0.3919454164407523,0.37405424100728035,0.07063105562520876,0.07313079492005811
spot_262,0.034147976658833734,0.02896185064341339,0.04897780626697837,0.3449101606651752,0.31882622991493914,0.09645021502664726,0.12772576082401288
spot_263,0.046813868812588685,0.07436802490650594,0.051243138368866084,0.2975654436583736,0.21859392147655995,0.258741581085693,0.05267402169141271
spot_264,0.06248456558748593,0.024843411690287233,0.05254393168453595,0.1968277608998484,0.342747367394789,0.26308620160053753,0.05746676114251604
spot_265,0.06896201684713933,0.06503038776437772,0.0416569053900743,0.18552088443995113,0.2767439501892662,0.32114348781282853,0.04094236755636274
spot_266,0.03813459186857604,0.04279490862783527,0.02731517600932014,0.15613513813830607,0.47387957855293533,0.08976859106579084,0.17197201573723625
spot_267,0.024478078748066477,0.012423417021864704,0.015223245257676776,0.17911143240137,0.5331760739287827,0.10310054893007117,0.13248720371216818
spot_268,0.027031489318653932,0.002339145693142837,0.06673338649314528,0.6215147717151935,0.21487953576002666,0.04696030207841819,0.020541368941419724
spot_269,0.037175190878093387,0.04310856850029177,0.023615982366978025,0.107788218940082,0.5724165075529059,0.1009986507906917,0.11489688097095735
spot_270,0.01537645722898414,0.026928026898555946,0.035803944245391864,0.32103018119661175,0.355153173119514,0.18440226947072647,0.061305947840215765
spot_271,0.04477214513723836,0.03349491767585278,0.044270852208137514,0.24518514842615,0.3806592445142046,0.21142731904983522,0.04019037298858166
spot_272,0.06980622985961871,0.03124060351373564,0.07125928912339477,0.37342303520030345,0.2593664465168887,0.10200592583435554,0.09289846995170326
spot_273,0.061916411215196934,0.08220887400227628,0.14390421050197946,0.27024077513729033,0.18662296281605062,0.1687582419757444,0.08634852435146201
spot_274,0.06833914914474526,0.08800417190043416,0.09942550585101913,0.17390490282629953,0.34713670637697885,0.09887930677176039,0.12431025712876274
spot_275,0.0221333817059796,0.011465396939712387,0.07893997523159461,0.4038793684197499,0.3151984496799839,0.10350806434360905,0.06487536367937059
spot_276,0.025724361810582554,0.03867204935906729,0.04873170322096595,0.23595500949713194,0.4931524329480642,0.10226602936210777,0.05549841380208023
spot_277,0.02486280725832585,0.009513602649143483,0.05094670137658529,0.1739369103466064,0.5263217955989056,0.14967108610650276,0.06474709666393054
spot_278,0.03747347663028239,0.017395519562593678,0.030201136956797547,0.16808894772403837,0.5629450801554261,0.08108855357077419,0.10280728540008778
spot_279,0.0312623990345091,0.03286688835549928,0.05871412502522603,0.44104675062949505,0.24773168847096083,0.05252949817445416,0.13584865030985546
spot_280,0.04802243993962714,0.0138176222944739,0.0364665497444557,0.24404338621741184,0.48960898450964296,0.10676460683455254,0.06127641045983595
spot_281,0.06284831504772803,0.06142286630104658,0.037282589412821525,0.2743002826242021,0.32883413589881677,0.1689320137416864,0.06637979697369871
spot_282,0.016187895501794697,0.02845615773944007,0.033526638246047846,0.3045101936497257,0.37094341232638645,0.15628854053421967,0.09008716200238549
spot_283,0.060823871504826835,0.01017548586780982,0.03435823617074856,0.20086017015165739,0.252320663391768,0.3895646672505447,0.051896905662644696
spot_284,0.03466785324055023,0.03179298950679522,0.10611950032061937,0.14620490106100964,0.3149324957300805,0.3068742861505066,0.05940797399043843
spot_285,0.01478250743497391,0.009133775752096967,0.04985634875577461,0.7193030950053413,0.09848522672002244,0.037134926896594006,0.07130411943519677
spot_286,0.019607297086390738,0.010011275047319003,0.04999685998396065,0.18647796244874015,0.48749541073917335,0.1342162596633713,0.11219493503104477
spot_287,0.017282000846369095,0.010354514439057662,0.06632944274926136,0.3180338619441317,0.26383867596146654,0.27736693872428847,0.04679456533542531
spot_288,0.016584798397441928,0.010902161230646764,0.02828108154309763,0.3186626129400085,0.4298540313842928,0.15337390383799077,0.04234141066652162
spot_289,0.011609202187020282,0.023258474408881014,0.09360573107658016,0.6274604146715718,0.1554341009353578,0.06515242365900209,0.02347965306158689
spot_290,0.028947953713164592,0.04597166552576763,0.03562781744398517,0.3732197049624735,0.32167104075630004,0.09148560144965348,0.10307621614865556
spot_291,0.02756706823003375,0.02838797048939046,0.026225054777225303,0.22260081827149966,0.39156724412042715,0.14249073762688255,0.16116110648454124
spot_292,0.021410393202795877,0.025653218328040704,0.06263222371342075,0.20897593273770543,0.29827897598758485,0.2986284743152565,0.0844207817151958
spot_293,0.034229326154355366,0.01837182203912121,0.05990778498877594,0.46035544473129564,0.19213310676761292,0.10324573709270958,0.1317567782261294
spot_294,0.019692319984618723,0.044356232000067386,0.06210400746693279,0.2098049697036049,0.4275219200181008,0.16084746385687704,0.07567308696979831
spot_295,0.06992271139758285,0.01944248276330839,0.040182751731862934,0.18108293146481527,0.48460011173784734,0.08078850425525885,0.12398050664932433
spot_296,0.011139116478590606,0.024400567139361545,0.01697780788292521,0.13544636267828275,0.2610903926795105,0.5225298169646724,0.028415936176656963
spot_297,0.020637529511818773,0.012876609911864347,0.028323267726508873,0.31025917479421367,0.4284995540219528,0.09263467941982764,0.10676918461381407
spot_298,0.09491912558366936,0.031124031469659075,0.047608192371106646,0.11824446840185329,0.37562123338490916,0.2019687064652084,0.13051424232359418
spot_299,0.019597335599962386,0.00675768031411305,0.059147851058937884,0.48749673362877927,0.28457956759575886,0.06806131439644598,0.07435951740600258
spot_300,0.022799579974674383,0.029605251849969413,0.021209477021061563,0.21686272765999867,0.4688869125244921,0.06488935441456366,0.1757466965552402
spot_301,0.0072150115713257214,0.0014919962664423103,0.0634725033732149,0.6906040113095606,0.1947752767363214,0.018958679235320988,0.023482521507814182
spot_302,0.012854539209333707,0.03271884734204203,0.022090387145257764,0.20945820613223165,0.23440216671167172,0.4149770593089211,0.0734987941505421
spot_303,0.018179068629868216,0.0157954498850445,0.01636649595388234,0.18765825171641545,0.5365456257213361,0.10550075675513854,0.11995435133831474
spot_304,0.04019764981259822,0.030689270125864556,0.06493096511245233,0.2913724784409229,0.2693042298843709,0.22964407667726122,0.07386132994652986
spot_305,0.023267118269475317,0.06951356232636483,0.03204435041761605,0.280730419683327,0.3266046694554577,0.052269494084654096,0.21557038576310508
spot_306,0.04376792261310214,0.03995600834767468,0.04259314381132825,0.24697419966801057,0.2091379656040687,0.3761296334322732,0.04144112652354259
spot_307,0.014979195477500368,0.006749285761004182,0.0554177583137519,0.23371341526185246,0.39150344927766856,0.24669944309630215,0.050937452811920435
spot_308,0.03050932710029375,0.02494624853649761,0.055632564696955676,0.32454227428594307,0.20752065336100303,0.22672037902147776,0.13012855299782905
spot_309,0.01434736270457506,0.00856179241091013,0.1281237282447952,0.5091912162118863,0.2284668010215544,0.041408947482705113,0.06990015192357375
spot_310,0.01373379392860909,0.007248354406290558,0.044890855552881394,0.441729201522626,0.28458675528031857,0.16270883462179536,0.04510220468747907
spot_311,0.03443680670239048,0.017589893564980395,0.03314596432250186,0.41787805771686676,0.3245470160209777,0.12832810630064248,0.044074155371640236
spot_312,0.009430932288881687,0.004252367086367693,0.02807001231663804,0.6506807410233149,0.09812058089365203,0.18561313497364185,0.023832231417503822
spot_313,0.03694632554726719,0.057300376680570426,0.04696344396303721,0.26789876389022754,0.3276382554974736,0.18886748391012753,0.07438535051129663
spot_314,0.015421596325668087,0.03418167982035083,0.02183441808893239,0.18199144032445544,0.6210198074123213,0.07775951103480538,0.04779154699346663
spot_315,0.06971113898505706,0.0636921168038521,0.10472382520011461,0.27402187883932866,0.3138859267247514,0.0806302648641855,0.09333484858271072
spot_316,0.03713222032818889,0.04861247304333487,0.020858362130820752,0.15295056532875442,0.5542657786449524,0.1205192178487778,0.06566138267517091
spot_317,0.01566142441517914,0.012480533873841375,0.03976400933848277,0.2382902411855333,0.5565476999856153,0.06520289502869189,0.07205319617265626
spot_318,0.01757205797435775,0.011596484228413473,0.034167549403647086,0.41198117875513385,0.3226857860090645,0.15028895073952414,0.05170799288985917
spot_319,0.059929515947512293,0.04546692238935453,0.10585735785380021,0.282923781379267,0.22237370587131103,0.2384620360170215,0.04498668054173333
spot_320,0.010255175396722922,0.03359901639991898,0.012857726397250198,0.054514713950272534,0.027384573185673753,0.1896987591853564,0.6716900354848052
spot_321,0.017769044029606402,0.021849223180895005,0.010629601487684182,0.02226113108130543,0.043494273640471384,0.19608594693280762,0.6879107796472299
spot_322,0.04752354516412148,0.024073993107973327,0.011182137806647039,0.012728939737204863,0.08158676700294933,0.6091218402137549,0.21378277696734901
spot_323,0.01942806241875701,0.03203879637516105,0.020820063477156658,0.04958296121409652,0.028476637125711527,0.24675005702426636,0.602903422364851
spot_324,0.062418583438716826,0.035282143156463254,0.011293587298567335,0.03500132155805064,0.030551717451420973,0.39088930355478896,0.43456334354199205
spot_325,0.01077420403021209,0.018412969686088087,0.0077683900247483405,0.015533189242274975,0.0277718011239709,0.32249685863516125,0.5972425872575443
spot_326,0.03428919869881344,0.07837347629493618,0.021775038055191594,0.031824298482513586,0.045137153000587,0.1561513377585325,0.6324494977094257
spot_327,0.12937999063282737,0.052747915447728416,0.03692398925977482,0.06411714127806704,0.07336324316704193,0.1822935445966379,0.46117417561792245
spot_328,0.08023428990097224,0.016053130764874735,0.019438529087398224,0.06875877689980266,0.07631944864605918,0.45157008814670146,0.2876257365541916
spot_329,0.018914932022663467,0.011353754518984308,0.05025134263326094,0.13676409519562333,0.03731482441243879,0.33804630087303555,0.4073547503439936
spot_330,0.04184671628376932,0.05190207113467879,0.013970694786817776,0.026104881509479854,0.09139158171764833,0.5997744540232033,0.17500960054440257
spot_331,0.06086431199566645,0.009691205032019352,0.00744030471153756,0.01110034229926081,0.01412560501962829,0.13068774426900223,0.7660904866728854
spot_332,0.04071735126368837,0.06779474989163918,0.011046179235613341,0.016066091630452604,0.033016239027438554,0.30670148841294664,0.5246579005382213
spot_333,0.05015016369901445,0.030833693244516774,0.009657158867695621,0.010767423721160171,0.04389891087545138,0.30169760133002216,0.5529950482621395
spot_334,0.09049752994555785,0.05454578316719515,0.01182577683238822,0.007726213916371242,0.05733601992437146,0.4270885327618523,0.3509801434522638
spot_335,0.03961570547701674,0.04279758658662367,0.010762135420148358,0.012738574442408314,0.024558151977698582,0.23440806288696733,0.6351197832091371
spot_336,0.04377401466356141,0.030183597197494055,0.03644066598203285,0.07481964972075184,0.06552779183764351,0.5611896164271104,0.18806466417140588
spot_337,0.07449259329965267,0.02525394949872829,0.1928354785380104,0.08965651773172231,0.03705649236547579,0.31841777124523407,0.26228719732117634
spot_338,0.0853137704104821,0.04283656743482591,0.15281470467980396,0.054340834519152156,0.08869714408462812,0.16176487856161423,0.4142321003094935
spot_339,0.05598901645812618,0.04847105630416484,0.023798437247760006,0.019421969265650214,0.04186101210153318,0.493961443062942,0.3164970655598236
spot_340,0.03966259544312038,0.02929741544346334,0.11313551664352416,0.15313565475789342,0.04619539976119995,0.21157579252382727,0.40699762542697143
spot_341,0.017414696029047612,0.03576555500380762,0.010303824362215764,0.030999214131163032,0.11401178132411217,0.2912097853107552,0.5002951438388987
spot_342,0.05289422933703589,0.06380049929995925,0.07644318500507158,0.05443519191273837,0.0744204481581503,0.298201975242804,0.3798044710442406
spot_343,0.024849497302899346,0.052761839085120804,0.010863291676080826,0.008940954619011213,0.06367516904933603,0.1532722819371111,0.6856369663304407
spot_344,0.04429721412570859,0.017361723570365518,0.0068688031308484524,0.012726448562740324,0.044988024314904486,0.5215739281519686,0.35218385814346415
spot_345,0.02040104992207032,0.018676462295492274,0.024733871302845937,0.01940523493737424,0.07158207873592679,0.2738553394985327,0.5713459633077578
spot_346,0.10808709256790333,0.044367617701838453,0.2143335281489082,0.042411610868270416,0.04362240939792142,0.22986220655360745,0.31731553476155083
spot_347,0.04189002107728971,0.02793170737297755,0.0327162576868804,0.006494829467279127,0.009896940305133196,0.17249658024555647,0.7085736638448835
spot_348,0.018806903106101943,0.013144819727000096,0.007791895811224704,0.012344818065520539,0.03506580767552705,0.5528958771359821,0.35994987847864357
spot_349,0.026711510398905687,0.009861891346762118,0.02007054462897508,0.015745480964731336,0.03888280127909933,0.3891932316506626,0.49953453973086376
spot_350,0.017595130610456935,0.014201285716521156,0.01633240900250601,0.019410324132834236,0.09404979621449047,0.09664899945031885,0.7417620548728724
spot_351,0.03740748452228051,0.0687408056538241,0.025704857707255745,0.09238687161825386,0.09707315648268322,0.566466217407446,0.11222060660825668
spot_352,0.08319986280759191,0.04183519404688489,0.2997699909406531,0.02540796016514376,0.07944473994766377,0.19338675486272702,0.27695549722933566
spot_353,0.0567025043307434,0.08197811420156553,0.011142212134333949,0.011589638259635951,0.04561587796937419,0.1829217987056337,0.6100498543987133
spot_354,0.03108456489423332,0.04922840160845359,0.008956427805450352,0.00626064944073074,0.06614645409997734,0.13931718596069365,0.699006316190461
spot_355,0.010597904597343626,0.044345966880301964,0.00589984213373673,0.01802906998725358,0.0074665679112021575,0.12132692355241007,0.7923337249377519
spot_356,0.015656384072197074,0.012540309383880491,0.01321019959736805,0.023782334718471274,0.04201951419771064,0.19252733124021693,0.7002639267901556
spot_357,0.028980679186736448,0.01527112076159984,0.012463391059873218,0.013355335084182527,0.03208185818821884,0.6438395122029615,0.2540081035164276
spot_358,0.03134744369044049,0.05543478222760527,0.02572571091410963,0.03882951532450263,0.11413488515420539,0.5845756406867492,0.1499520220023875
spot_359,0.06736518293359399,0.06412962553482773,0.013765691188339417,0.04532371315308189,0.05208348916401029,0.08721299742058525,0.6701193006055615
spot_360,0.02765987905938961,0.013112776537026295,0.056780325361174507,0.028809114125790177,0.03272994504075109,0.24740222972387246,0.5935057301519959
spot_361,0.06959480776813862,0.015860271710723777,0.05256430430051789,0.04372407804403672,0.12702936734147816,0.35646643326340977,0.33476073757169506
spot_362,0.02720282845185937,0.09678424344512161,0.01954792125393072,0.032772255591134176,0.058130843771342915,0.2261488144650539,0.5394130930215574
spot_363,0.03718042442911164,0.02201567817508575,0.052178900709563325,0.09454163489009505,0.05546100317427894,0.2683576249958635,0.47026473362600174
spot_364,0.061099207732057806,0.08532779043203341,0.07070118325058172,0.03462270601459462,0.05175305833676632,0.4066799255718831,0.2898161286620831
spot_365,0.04177927074074123,0.019080239533587486,0.0452165813267227,0.021756141219013574,0.022177622965978548,0.6936311195262042,0.15635902468775226
spot_366,0.09107464719205409,0.01087516272312299,0.048382192998882585,0.009654645504885921,0.023847575942037177,0.1615474295848069,0.6546183460542104
spot_367,0.07728228720327789,0.05247021814355325,0.06872526142017638,0.083473605161741,0.07258233955778427,0.39976692215056336,0.24569936636290401
spot_368,0.0354989541275605,0.016209708915516017,0.027920608630048346,0.04560347629140923,0.08789302289432861,0.4284298499381732,0.3584443792029641
spot_369,0.020635976432413744,0.01834983962216081,0.031992251480096295,0.011478903089504576,0.03284712646726048,0.4249292320231244,0.4597666708854397
spot_370,0.018848965261017835,0.0094828782113403,0.052114862194287945,0.05097585689358537,0.0377249775348463,0.13140525670349795,0.6994472032014243
spot_371,0.025614756274371552,0.04240058844222434,0.009551692613334911,0.00899227831758287,0.03917426489404445,0.32838045713961594,0.545885962318826
spot_372,0.06776183976293657,0.018810510818033765,0.03246322606398247,0.04221238247260363,0.09256377934186545,0.2193918747056205,0.5267963868349576
spot_373,0.004827369821494077,0.003203513025307575,0.010793380150733535,0.01289451929876549,0.00946139736606837,0.21120331377136956,0.7476165065662613
spot_374,0.023553629394213488,0.04067392223628451,0.018999023795076952,0.017057842905855925,0.029299499788939323,0.2375417222453144,0.6328743596343154
spot_375,0.09577314126960607,0.016635947489621605,0.031119163012985583,0.04848545442551621,0.10965566436569053,0.28520877852640225,0.41312185091017783
spot_376,0.06339087087191102,0.05044415657248996,0.029151359992272852,0.06135125017146114,0.14240130311220778,0.3719113965013774,0.28134966277827983
spot_377,0.12322392566159723,0.03904564576123033,0.023876348443409703,0.026211043519439904,0.10191809099424427,0.25726980568596114,0.4284551399341174
spot_378,0.03989763590499264,0.056334049498700245,0.025197845447989094,0.017740601118044833,0.0992781441681809,0.4474690733487199,0.31408265051337236
spot_379,0.009173986747229261,0.008003270190030982,0.005225271400363764,0.006480405499130746,0.0155786762839625,0.2257402636545391,0.7297981262247436
spot_380,0.035016290802129466,0.016076678293414897,0.012519866529488324,0.018619603381145523,0.05051076976977858,0.4942211963617015,0.3730355948623417
spot_381,0.06412179345562409,0.012056731116950825,0.01928805047399219,0.014358846902454763,0.02575871969272134,0.2314934867628145,0.6329223715954423
spot_382,0.017227843014184507,0.00957251576738034,0.009517132039219304,0.007711791018715489,0.01277145909842767,0.25657267894391317,0.6866265801181596
spot_383,0.03189076419570981,0.06436491706793089,0.017937303596751334,0.019108643500253982,0.03721207205555271,0.2051701466164055,0.6243161529673958
spot_384,0.02775380338017375,0.042214225204897864,0.027364840942458,0.14391235657055873,0.05569527796166641,0.3475054257666676,0.3555540701735777
spot_385,0.010180690058631616,0.012161305116368834,0.006470826877382192,0.049024293856613,0.019053851697550746,0.14536508730155479,0.7577439450918988
spot_386,0.024243631518696535,0.012901271284833725,0.010713690582531438,0.027828778757214713,0.028869188496277138,0.39291138257787606,0.5025320567825704
spot_387,0.01889998576194175,0.022073947488765733,0.014515759056887711,0.010531966005387961,0.02795894641051175,0.25883964072216703,0.6471797545543381
spot_388,0.05836716069547906,0.02777406704292412,0.01069396871785208,0.03054908538250628,0.11349233876482576,0.21251261641413316,0.5466107629822795
spot_389,0.03321071930849039,0.026765764609671897,0.0029009393199440825,0.004976479651871711,0.027759660171332582,0.10652680996384402,0.7978596269748454
spot_390,0.08289074151371237,0.037634540725783726,0.35272312587978844,0.025949391005915135,0.02471275291480878,0.20660790623638922,0.2694815417236023
spot_391,0.00822293878179378,0.009304295906879293,0.0697053018689233,0.031243331106948095,0.027967921289662315,0.22358181888698464,0.6299743921588086
spot_392,0.05889882807128175,0.009603037334808858,0.03278846296732521,0.03085406883503857,0.04767089153352242,0.12998105231039578,0.6902036589476275
spot_393,0.08159803979762081,0.027625227010973846,0.01663232216003417,0.02687183645787896,0.052313298817706064,0.3837322136417672,0.41122706211401894
spot_394,0.04243069450868821,0.0180430222346411,0.009070019668927946,0.037076879429867225,0.02926970730245441,0.5947298480102139,0.26937982884520717
spot_395,0.03393151173717689,0.015212568215261426,0.022474454895980843,0.04579661156925365,0.11352905119040006,0.26591858895892373,0.5031372134330033
spot_396,0.07743798388706791,0.06980115794246533,0.02784258974091718,0.0674605102257691,0.10714221461847698,0.3750995854251157,0.2752159581601878
spot_397,0.006329872278292439,0.020595914509795695,0.006723421768837781,0.008708930361127234,0.010271427822545358,0.17482717252258878,0.7725432607368127
spot_398,0.04107917948351227,0.04489204833404666,0.10873748836587196,0.03177986742802112,0.03274124675160743,0.19216944563837857,0.548600723998562
spot_399,0.01723694063685728,0.023335648778064946,0.010625065871859638,0.031813198930714916,0.05006969789552468,0.11818964920369708,0.7487297986832815
spot_400,0.02437692911309836,0.026148981227117913,0.03045545475844989,0.019923666392187026,0.0297644994613517,0.0930144460916084,0.7763160229561867
spot_401,0.044419346879426405,0.014311689015743909,0.01195790595663095,0.010067142063636157,0.039950859662134915,0.2749785418315488,0.6043145145908788
spot_402,0.018878869025188243,0.01154390715712959,0.036087762246227124,0.03369429500765147,0.02155904959621797,0.7644558770684599,0.11378023989912582
spot_403,0.013084712506261083,0.005661207339069623,0.007085084931371187,0.018233509130184376,0.055264614990119545,0.20504824647881204,0.6956226246241821
spot_404,0.010919476991475748,0.009983458863371021,0.0066366718954190005,0.010373929827344686,0.021952029210865854,0.17445722989947146,0.7656772033120522
spot_405,0.009152011365235519,0.009176070688378488,0.007828790967551832,0.0282101775914132,0.04250793459334731,0.19175539646023732,0.7113696183338363
spot_406,0.08828030189214442,0.0980694430876626,0.03378356337244184,0.06434350517423489,0.06581744565379304,0.4023507522316938,0.24735498858802935
spot_407,0.041360877982882474,0.02152983824597496,0.39344375738520754,0.040980020421612376,0.0444430254541182,0.09168343934239592,0.3665590411678086
spot_408,0.01540158837213736,0.012254380246007902,0.032441545300705484,0.005355363152198226,0.01871431784165295,0.35140017838168525,0.5644326267056128
spot_409,0.017657258744854767,0.013994609277805867,0.015271933995203536,0.05702470440402062,0.03525043840006958,0.7067170538532956,0.15408400132475003
spot_410,0.054950293554024976,0.011248028398172311,0.035705301368613836,0.013249410790664008,0.027323780545198663,0.16079535265572673,0.6967278326875995
spot_411,0.05127553659203475,0.009668280803003138,0.009660191055595176,0.01683928676533315,0.04067434770191453,0.30768818251860475,0.5641941745635146
spot_412,0.04465199876672017,0.05220576994777306,0.1025849061920396,0.12286618343402736,0.07053061863354342,0.1747724566543349,0.4323880663715615
spot_413,0.024854781705793767,0.02858225855509597,0.020385712539913357,0.04796718578626452,0.06005882334194199,0.3944778249637169,0.42367341310727347
spot_414,0.013564018217079919,0.037210898510092454,0.016037942418167406,0.018634223969246834,0.02742517379341266,0.3008842003416491,0.5862435427503516
spot_415,0.006707426598987225,0.0060412281231235826,0.004438990255723731,0.0046695523121908595,0.009913822907379168,0.1642106806703444,0.804018299132251
spot_416,0.08981384697150627,0.036195880533417206,0.14687166632338525,0.048858552578235466,0.053210981922110705,0.11459644951036062,0.5104526221609844
spot_417,0.0194853114051219,0.029589534077968424,0.05072784286048334,0.05567444693337349,0.017106561976798353,0.18281860592463622,0.6445976968216183
spot_418,0.01733396459621791,0.01450460258703913,0.014050156826346088,0.013907347258108929,0.023471246503977892,0.217158663666913,0.699574018561397
spot_419,0.032275720284713295,0.021555472096357286,0.04378808851720226,0.056731807783141276,0.03260377856079318,0.15410907172264943,0.6589360610351434
spot_420,0.05074115751304164,0.0510977490487182,0.04384086004500427,0.043190402295039766,0.08636341223495783,0.363048703920505,0.36171771494273336
spot_421,0.010749689815104328,0.007369723168037716,0.00785871771162185,0.02602669786254524,0.021992534112282584,0.3509452656080969,0.5750573717223114
spot_422,0.05427293255925178,0.054013554751873014,0.05153582990169525,0.03616993874311447,0.06751419231295586,0.24610226432870919,0.4903912874024004
spot_423,0.01974261058695403,0.015127805798072266,0.022040717711250556,0.0795538878955644,0.06451183067054177,0.6568306379758284,0.14219250936178865
spot_424,0.03744724896210526,0.0437129317097156,0.07507126817558374,0.13545315661570748,0.05179651735495609,0.31213983169747833,0.34437904548445347
spot_425,0.04413972696909538,0.018743309949121347,0.020840280122679845,0.061114404839867825,0.07546997807050403,0.2539849616929699,0.5257073383557617
spot_426,0.05496442404239308,0.02036744767064395,0.04166411026418869,0.005636100173327332,0.06565334805792884,0.1401632162300685,0.6715513535614497
spot_427,0.0859836632381581,0.07592035980954093,0.0628134693902536,0.01750840814752846,0.05654067260993001,0.2972267559018572,0.4040066709027316
spot_428,0.013280847803237624,0.015848181256815263,0.009333629238120093,0.037402655480266056,0.06756373773790764,0.21449011483620534,0.642080833647448
spot_429,0.04715432320088211,0.012325248239128622,0.01161290316451941,0.007248604870219419,0.025236969006411415,0.6642950784029885,0.2321268731158506
spot_430,0.02958362492173905,0.07007026135113298,0.03319282022719964,0.06047115715702041,0.0441260678920298,0.12128389947884444,0.6412721689720337
spot_431,0.022233776707347844,0.03612620768908404,0.015939844799108736,0.020401832518070276,0.038664845014523656,0.5494604796810985,0.317173013590767
spot_432,0.031210784658886187,0.031100869617261315,0.008861293874789242,0.0348883479557257,0.08466856324368834,0.21871797672546328,0.5905521639241859
spot_433,0.017043223517740166,0.05556399668631142,0.016649877559112194,0.0285175585311987,0.03866460279520101,0.30537856660278206,0.5381821743076545
spot_434,0.03168066707460321,0.020388863830508707,0.014807615712686266,0.010749350594650571,0.013057441526277368,0.2599436844413902,0.6493723768198837
spot_435,0.019941670850812023,0.01346728512428081,0.010590038236944276,0.04379023358601831,0.01583732335248928,0.10916388574680867,0.7872095631026467
spot_436,0.04011124480734486,0.019857837976820253,0.033860529012530255,0.009008251141510869,0.011749397613126109,0.40255860552816425,0.48285413392050336
spot_437,0.02738833459582097,0.00639742011556468,0.006096310557971148,0.03905119646630206,0.009498959972906484,0.13569669017338523,0.7758710881180495
spot_438,0.024704418765883314,0.011633952414024042,0.009965916326131164,0.018680647943892993,0.0536942389398849,0.35750247273817326,0.5238183528720103
spot_439,0.013435378384326558,0.038916287190299784,0.006731225127494148,0.039145155800728304,0.02029291935046822,0.10371192669722439,0.7777671074494585
spot_440,0.05102394295254108,0.00943050507549535,0.04124665169999103,0.039049302030774065,0.04753283018026149,0.537579707419239,0.2741370606416979
spot_441,0.037891489983113334,0.026783552120483722,0.021941850262066336,0.06041403197506942,0.09964631715435879,0.6049953791540914,0.148327379350817
spot_442,0.0687833548738948,0.03977617621411986,0.03783380385426757,0.11525842941503106,0.11882771930974004,0.22868562218140753,0.3908348941515391
spot_443,0.05864180555955009,0.03000894957079072,0.01535005325855291,0.017580250359172905,0.0389064686842958,0.29378624586985774,0.5457262266977798
spot_444,0.014974834769964217,0.01325729191303253,0.032928040000086846,0.03611953745509175,0.0480661136051136,0.6173614248872527,0.23729275736945837
spot_445,0.032607171600989436,0.012712645622248608,0.007703700231733172,0.01146630170593931,0.06762213068765056,0.23522687066944636,0.6326611794819926
spot_446,0.04130095414301839,0.047975752238128666,0.03187812237997213,0.03974510061282616,0.024307250879672886,0.10955652832316985,0.705236291423212
spot_447,0.03185378008638127,0.026627235827929426,0.014242897154373402,0.008302937883434575,0.028579974728071895,0.33884339141415726,0.5515497829056523
spot_448,0.02986322948674445,0.010674474473135383,0.01958736802121578,0.02494076038456985,0.03942240869014598,0.6193818342393145,0.25612992470487406
spot_449,0.027627528223914365,0.04601013430717612,0.029584223367194237,0.10073578384713279,0.06086675502061054,0.5119796767616687,0.2231958984723034
spot_450,0.06892376167817992,0.04796528039252839,0.09017250663651964,0.025853963748708637,0.027860633076275638,0.30226463376753937,0.43695922070024845
spot_451,0.0660419791979429,0.014583397113405274,0.015547595338985497,0.019710039151477975,0.08504769284405682,0.6023108966883796,0.19675839966575198
spot_452,0.057000001241572715,0.026168961742918512,0.02192934217225025,0.026384041070976225,0.04702112429240112,0.5462378756364378,0.2752586538434434
spot_453,0.01276347602704465,0.010084716237656055,0.009147055945112722,0.01812871571096335,0.04477179078535928,0.6014307583669117,0.30367348692695234
spot_454,0.09461439705638135,0.051119610552384606,0.2994965763049848,0.07786108210351506,0.04128469210286469,0.10690636838655451,0.32871727349331503
spot_455,0.057211466465245164,0.04700332827489829,0.09434407375801224,0.03268755935854212,0.08690066013327954,0.2875873796775059,0.3942655323325167
spot_456,0.013286670548370225,0.006672331932742195,0.00558296786529306,0.01775498246105661,0.04942269276418951,0.04686561363346587,0.8604147407948826
spot_457,0.02388083235875082,0.012862689095969083,0.04333641321709906,0.08041031159990007,0.029319631499842284,0.22759693297461547,0.5825931892538232
spot_458,0.025833272044464665,0.01886495379730137,0.028038996034953027,0.03169986555237024,0.008978564171367057,0.1529296742074047,0.7336546741921389
spot_459,0.1080805208231339,0.07114506376835927,0.027555589727226742,0.03517343101397941,0.050437262990997045,0.36926749462854475,0.338340637047759
spot_460,0.023138934306027054,0.016995788851494026,0.04222837772876722,0.02210611948650692,0.07254506353197303,0.353498485400593,0.4694872306946387
spot_461,0.05375880091269518,0.0027654137556665137,0.015787408833285874,0.0037115171359625577,0.02726906521264908,0.09428881737685374,0.8024189767728871
spot_462,0.06467364168431246,0.035042633081215864,0.07084803503704255,0.05323397493367387,0.05016495772566426,0.1541436788303501,0.571893078707741
spot_463,0.02784396285959995,0.05380214776843469,0.04492446880618785,0.04080902388783193,0.030926505422439545,0.12916379800857133,0.6725300932469347
spot_464,0.01826563865097,0.006377859406253363,0.016881493966513058,0.026329826584065918,0.011652319354837624,0.11158702465999941,0.8089058373773607
spot_465,0.044089929344045806,0.062443886160413256,0.32068012828274556,0.06206807954018982,0.01390386822826701,0.11570828500178791,0.38110582344255056
spot_466,0.0072913794008846585,0.010213742582532544,0.006740411234996272,0.008251075735377743,0.005977787153619125,0.21929140300222652,0.7422342008903632
spot_467,0.10635223031802307,0.07097905089412651,0.06807366474914069,0.03388222948594172,0.07362835813987526,0.44388685683685836,0.2031976095760344
spot_468,0.013188346553109293,0.019495592948147813,0.013514812733646945,0.03023909025957107,0.02701012767083658,0.2754550744177361,0.6210969554169523
spot_469,0.0714472313953892,0.051732469154606366,0.03789598615923683,0.10333963631269065,0.08528863696773445,0.5628415325259564,0.08745450748438612
spot_470,0.047528681951430445,0.015492805985492668,0.01857505130460658,0.025739142416612366,0.03031067838071326,0.2555816242319424,0.6067720157292024
spot_471,0.043671703100996974,0.010297895342290905,0.014559771418131463,0.014874728498173838,0.017667024412181407,0.3150207560477051,0.5839081211805203
spot_472,0.1319315600377387,0.08602749713130113,0.024297459931843693,0.018774231069391023,0.05095228879313333,0.3720088948075622,0.31600806822903
spot_473,0.022536437942838796,0.023540363809423523,0.013541863907234056,0.01749523344210181,0.06142800059697036,0.2050980239677389,0.6563600763336925
spot_474,0.02270606074766114,0.05625204746412118,0.009227429018178131,0.010398382876900763,0.030877389581046445,0.30092231340526265,0.5696163769068296
spot_475,0.028171237531742915,0.021511745500522036,0.03686141890167592,0.06287602558687369,0.11530526834511597,0.5152773639779347,0.2199969401561348
spot_476,0.02870239866201275,0.04424109524165928,0.024137076786838466,0.03116349691571839,0.09650703241896413,0.1953968085981077,0.5798520913766992
spot_477,0.036152641710456034,0.005472303374775943,0.01859307125571501,0.011277763141138592,0.040882676442696976,0.1445217783587714,0.7430997657164461
spot_478,0.009341212308845968,0.008337316305162592,0.005756186181363501,0.0064230547910550835,0.010956608210570937,0.2510602362817762,0.7081253859212256
spot_479,0.014955432068945812,0.07210662466901308,0.015917339133391623,0.027422723576579,0.023670087510009805,0.5791722922225102,0.26675550081955046
spot_480,0.04342050628750541,0.01244225118625894,0.015752185618882236,0.010636627818644584,0.05332820945299977,0.13385037895233712,0.7305698406833719
spot_481,0.0204683348346121,0.010878422477191816,0.03849065753497688,0.027962260234119157,0.04244545739241436,0.6061483561556431,0.2536065113710427
spot_482,0.01435076748286313,0.018884297044609113,0.04532352021442111,0.012816307650994226,0.020199065717739672,0.2620252295860411,0.6264008123033318
spot_483,0.06358725593634733,0.013835819481468966,0.014510334487619457,0.04458385455803092,0.053829907855767474,0.35605974865698914,0.4535930790237767
spot_484,0.023114424202257483,0.014735653268183008,0.041679227582795256,0.008522923576482802,0.03088861853265594,0.6949022278125982,0.18615692502502718
spot_485,0.1275895136369674,0.07758525592029406,0.03397268404636206,0.023907119254048124,0.04924988872836653,0.5537572243353039,0.13393831407865786
spot_486,0.014154022610534361,0.02902997489760347,0.095187262359552,0.020353700189261324,0.029352888964351277,0.14755981112348662,0.6643623398552109
spot_487,0.04786958248522563,0.014954869846001502,0.03323073393673434,0.029213063895893027,0.02922032454534426,0.21041492622414484,0.6350964990666563
spot_488,0.11976441421418643,0.09479306776643914,0.026120635008055063,0.024640588748444082,0.04590550575581369,0.2481896756361059,0.44058611287095567
spot_489,0.024815098574307606,0.013943970160365993,0.07485621638959555,0.2643095504129378,0.07595760968453855,0.3878435228604028,0.15827403191785167
